web-scraper-order,web-scraper-start-url,name,place,min,pref,res,about
1712035634-1,https://www.google.com/about/careers/applications/jobs/results/92638394686808774-software-engineer-iii-engineering-productivity,"Software Engineer III, Engineering Productivity","Kraków, Poland","Bachelor’s degree or equivalent practical experience.

2 years of experience with software development in one or more programming languages, or 1 year of experience with an advanced degree.

2 years of experience with data structures or algorithms.

2 years of experience building developer tools that improve developer velocity, code quality, and code health (e.g., compilers, automated releases, code design and testing, test automation frameworks).","Master's degree or PhD in Computer Science or related technical fields.

Experience developing accessible technologies.","Write product or system development code.

Participate in, or lead design reviews with peers and stakeholders to decide amongst available technologies.

Review code developed by other developers and provide feedback to ensure best practices (e.g., style guidelines, checking code in, accuracy, testability, and efficiency).

Contribute to existing documentation or educational content and adapt content based on product/program updates and user feedback.

Triage product or system issues and debug/track/resolve by analyzing the sources of issues and the impact on hardware, network, or service operations and quality.","Google's software engineers develop the next-generation technologies that change how billions of users connect, explore, and interact with information and one another. Our products need to handle information at massive scale, and extend well beyond web search. We're looking for engineers who bring fresh ideas from all areas, including information retrieval, distributed computing, large-scale system design, networking and data storage, security, artificial intelligence, natural language processing, UI design and mobile; the list goes on and is growing every day. As a software engineer, you will work on a specific project critical to Google’s needs with opportunities to switch teams and projects as you and our fast-paced business grow and evolve. We need our engineers to be versatile, display leadership qualities and be enthusiastic to take on new problems across the full-stack as we continue to push technology forward."
1712035634-2,https://www.google.com/about/careers/applications/jobs/results/92638394686808774-software-engineer-iii-engineering-productivity,"Software Engineer III, Engineering Productivity","Kraków, Poland","Bachelor’s degree or equivalent practical experience.

2 years of experience with software development in one or more programming languages, or 1 year of experience with an advanced degree.

2 years of experience with data structures or algorithms.

2 years of experience building developer tools that improve developer velocity, code quality, and code health (e.g., compilers, automated releases, code design and testing, test automation frameworks).","Master's degree or PhD in Computer Science or related technical fields.

Experience developing accessible technologies.","Write product or system development code.

Participate in, or lead design reviews with peers and stakeholders to decide amongst available technologies.

Review code developed by other developers and provide feedback to ensure best practices (e.g., style guidelines, checking code in, accuracy, testability, and efficiency).

Contribute to existing documentation or educational content and adapt content based on product/program updates and user feedback.

Triage product or system issues and debug/track/resolve by analyzing the sources of issues and the impact on hardware, network, or service operations and quality.","Google's software engineers develop the next-generation technologies that change how billions of users connect, explore, and interact with information and one another. Our products need to handle information at massive scale, and extend well beyond web search. We're looking for engineers who bring fresh ideas from all areas, including information retrieval, distributed computing, large-scale system design, networking and data storage, security, artificial intelligence, natural language processing, UI design and mobile; the list goes on and is growing every day. As a software engineer, you will work on a specific project critical to Google’s needs with opportunities to switch teams and projects as you and our fast-paced business grow and evolve. We need our engineers to be versatile, display leadership qualities and be enthusiastic to take on new problems across the full-stack as we continue to push technology forward."
1712035634-3,https://www.google.com/about/careers/applications/jobs/results/92638394686808774-software-engineer-iii-engineering-productivity,"Security Sales Specialist, VirusTotal","Munich, Germany","Bachelor's degree or equivalent practical experience.
Candidates will typically have 7 years of experience in a sales role in the enterprise software or cloud space.

Candidates will typically have 3 years of experience in the enterprise cybersecurity space.

Ability to communicate in German fluently to support client relationship management in this region.","Experience carrying and exceeding strategic business goals.
Experience planning, pitching, and executing business and customer transformation strategy aligned to data and analytics.

Experience starting a territory from scratch, with an understanding of the security partner ecosystem.

Ability to build relationships, promote executives across security and IT business units, ensuring customer success and adoption that leads to customer expansion.","Construct and execute an effective territory development plan. Promote security products in the territory to new and existing security customers, meeting or exceeding quarterly goals.
Develop and drive pipeline, managing cycles, from lead generation to customer onboarding.
Build and maintain relationships to influence long-term strategic direction. Act as a trusted advisor to the account. 
Partner with Marketing, Customer Engineering, Customer Success, Channels and Product and Engineering teams.
Serve as a stakeholder to regional cloud leads, reporting current, accurate and timely forecasting and business performance in Salesforce and other tools.",
1712035634-4,https://www.google.com/about/careers/applications/jobs/results/92638394686808774-software-engineer-iii-engineering-productivity,"Data Center Technician, Hardware","Columbus, OH, USA","Experience in a data center, network operation center, help desk, or similar environments.

Experience in hardware, networking equipment, operating systems, and data center operations.

Experience in maintenance, monitoring of server systems, operating systems, or networking protocols.","Experience in light coding or scripting.

Ability to work in differing rotations/shifts and non-standard hours.","Contribute to and lead efforts/projects in the deployment, maintenance and support of current and new data center servers and network infrastructure.
Lead complex troubleshooting and resolve critical or escalated technical issues over a significant population of affected equipment.
Assist in deploying next generation ML platforms, providing feedback to local deployment/project teams.
Help test and troubleshoot new complex server hardware components and designs.
Configure and troubleshoot OS-related issues on servers.","Google isn't just a software company. The Hardware Operations team is responsible for monitoring the state-of-the-art physical infrastructure behind Google's powerful search technology. As an Operations Technician, you'll install, configure, test, troubleshoot and maintain hardware (like servers and its components) and server software (like Google's Linux cluster). You'll also take on the configuration of more complex components such as networks, routers, hubs, bridges, switches and networking protocols. You'll participate in or lead small project teams on larger installations and develop project contingency plans. A typical day involves manual movement and installation of racks, and while it can sometimes be physically demanding, you are excited to work with infrastructure that is at the cutting-edge of computer technology."
1712035634-5,https://www.google.com/about/careers/applications/jobs/results/92638394686808774-software-engineer-iii-engineering-productivity,"Customer Engineer, ML, Google Cloud","San Francisco, CA, USA","Bachelor's degree or equivalent practical experience.
5 years of experience as a sales engineer or technical consultant in a cloud computing environment or in a customer-facing role.

Experience in virtualization or cloud native architectures in a customer-facing or support role.
Experience with big data, machine learning, and numerical programming frameworks (e.g., TensorFlow, Python, MATLAB).","Master's degree in Computer Science or a related technical field.

Experience building machine learning solutions and leveraging specific machine learning architectures (e.g., deep learning, LSTM, convolutional networks).

Experience architecting and developing software or infrastructure for scalable, distributed systems.
Experience in data and information management as it relates to big data trends and issues within businesses.

Ability to learn quickly, understand, and work with new emerging technologies, methodologies, and solutions in the cloud/IT technology space.","Work with the team to identify and qualify business opportunities, understand key customer technical objections, and develop the strategy to resolve technical blockers.

Provide in-depth machine learning expertise to support the technical relationship with Google’s customers, including product and solution briefings and proof-of-concept work. Partner directly with product management to prioritize solutions impacting customer adoption to Google Cloud.
Work directly with customers to demonstrate and prototype Google Cloud product integrations in customer/partner environments.
Recommend integration strategies, enterprise architectures, platforms, and application infrastructure required to successfully implement a complete solution using best practices on Google Cloud.","When leading companies choose Google Cloud, it's a huge win for spreading the power of cloud computing globally. Once educational institutions, government agencies, and other businesses sign on to use Google Cloud products, you come in to facilitate making their work more productive, mobile, and collaborative. You listen and deliver what is most helpful for the customer. You assist fellow sales Googlers by problem-solving key technical issues for our customers. You liaise with the product marketing management and engineering teams to stay on top of industry trends and devise enhancements to Google Cloud products."
1712035634-6,https://www.google.com/about/careers/applications/jobs/results/92638394686808774-software-engineer-iii-engineering-productivity,Digital Marketing Strategist,"Warsaw, Poland","Bachelor's degree or equivalent practical experience.

Experience in analytics or insight-based solutions.

Ability to communicate in English and Greek fluently to support client relationship management in this region.","Experience building and maintaining relationships with key stakeholders.
Knowledge of online marketing strategy and tactics and expertise in managing digital advertising campaigns with a focus on performance marketing.

Ability to build compelling narratives to successfully influence clients utilizing data and insights.

Ability to collect, analyze, and interpret data to derive actionable insights.","Collaborate closely with Account Managers/Account Executives to determine the optimal support for the client portfolio.
Develop and apply knowledge of the market, industry, products, and tools in preparation to offer solutions for our clients' business challenges.
Analyze data and trends in order to create meaningful insights for clients.
Implement solutions, track performance, and optimize against advertiser goals.
Report on key performance indicators and value delivered for customers. Create proposals to represent solution design around client goals.","gTech Global Customer Care (gGCC) is a solution-generating effort that helps our sales teams and advertisers. These solutions need to be scalable to support millions of customers worldwide. In addition to troubleshooting on the customer side, we work with Sales, Product, and Engineering teams within Google to develop better tools and services and improve our products based on the evolving needs of our users. As a cross-functional and global team, it's our job to help keep the lights on and the ads fresh."
1712035634-7,https://www.google.com/about/careers/applications/jobs/results/92638394686808774-software-engineer-iii-engineering-productivity,"Program Manager, Data Center Construction","Ridgeville, SC, USA","Bachelor's degree or equivalent practical experience.

2 years of experience in program or project management.

2 years of experience managing multi-group/disciplinary projects.

Experience constructing mission critical technical facilities.","Master's degree in Electrical, Mechanical, Industrial Engineering, Construction Management, or a related field.

2 years of experience managing cross-functional or cross-team projects.

1 year of experience with data center equipment/environments, including switch gears, generators, chillers, cooling towers, air handling units, controls, security monitoring systems, and fire safety systems.

Experience managing vendor relationships and understanding of standard practices in the design and construction industry, including knowledge of fast track design build processes and associated documents and contracts.

Understanding of start up/commissioning processes.

Knowledge of large-scale facility systems.","Manage multiple large data center projects from inception through to completion.

Support renovations and upgrades of existing facilities.

Be responsible for gathering internal requirements and delivering solutions that satisfy customer's needs.

Maintain complete responsibility from construction to deployment.

Resolve highly critical issues within the matrix organization while maintaining rigorous adherence to project timelines and costs.","A problem isn’t truly solved until it’s solved for all. That’s why Googlers build products that help create opportunities for everyone, whether down the street or across the globe. As a Program Manager at Google, you’ll lead complex, multi-disciplinary projects from start to finish — working with stakeholders to plan requirements, manage project schedules, identify risks, and communicate clearly with cross-functional partners across the company. Your projects will often span offices, time zones, and hemispheres. It's your job to coordinate the players and keep them up to date on progress and deadlines.

Our goal is to build a Google that looks like the world around us — and we want Googlers to stay and grow when they join us. As part of our efforts to build a Google for everyone, we build diversity, equity, and inclusion into our work and we aim to cultivate a sense of belonging throughout the company."
1712035634-8,https://www.google.com/about/careers/applications/jobs/results/92638394686808774-software-engineer-iii-engineering-productivity,"Silicon Design Engineering Lead, Raxium","Fremont, CA, USA","Bachelor's degree in Computer Engineering, Electrical Engineering, Computer Science, or related field, or equivalent practical experience.

10 years of experience in ASIC/SoC design, with multiple completed tapeouts.

10 years of experience in mixed signal, such as memory integration, Video Input (e.g., MIPI, Quad SPI, I2c), Analog Block Design, Mixed-Signal Design Flow, or Custom Module Modeling (e.g. LEF/DEF/Liberty).","Master's degree in Computer Engineering, Electrical Engineering, Computer Science, or related field.

Experience with analog and digital circuit design and simulation, and pre- and post-silicon validation/testing.

Experience building and managing high-performance, multinational chip design teams.","Define module interfaces/formats, perform logic design and verification, develop gate/transistor-level simulations, and integrate subblocks (e.g., digital, analog, mixed-signal, IO, memory, DFT).
Execute all aspects from high-level design through synthesis, place and route, timing, and power analysis, creating a manufacturing-ready database.
Drive technology closures, ensure adherence to tools, flows, and methodologies, and resolve customer-related issues through cross-functional collaboration.
Lead a multinational high-performance design team to design, implement, and verify a production-ready, full-custom, mixed-signal CMOS backplane chip for a MicroLED based MicroDisplay panel.

Collaborate with architecture and design teams, improve implementation and DFT flows, and contribute to a successful tapeout.","Our computational challenges are so big, complex and unique we can't just purchase off-the-shelf hardware, we've got to make it ourselves. Your team designs and builds the hardware, software and networking technologies that power all of Google's services. As a Hardware Engineer, you design and build the systems that are the heart of the world's largest and most powerful computing infrastructure. You develop from the lowest levels of circuit design to large system design and see those systems all the way through to high volume manufacturing. Your work has the potential to shape the machinery that goes into our cutting-edge data centers affecting millions of Google users. 

With your technical expertise, you lead projects in multiple areas of expertise (i.e., engineering domains or systems) within a data center facility, including construction and equipment installation/troubleshooting/debugging with vendors."
1712035634-9,https://www.google.com/about/careers/applications/jobs/results/92638394686808774-software-engineer-iii-engineering-productivity,"Security Engineering Manager, Cloud CISO","Málaga, Spain","Bachelor's degree in Computer Science, a related technical field, or equivalent practical experience

Experience managing a team of engineering or security operations professionals for an organization

Experience with threat modeling

Experience as a technical security professional prior to management","Experience growing and developing a team

Experience with automation and Security Analysis
Experience in technical program management

Ability to influence others

Excellent communication skills","Lead a team which will identify security issues and implement and design security controls, tools, and services to improve security systems and processes.

Work in partnership with engineers and technical program managers within Cloud CISO and the Product Security Engineering team to ensure that Google Cloud Platform grows securely.

Lead a team which will perform security reviews, research and reproduce vulnerabilities, design secure protocols and systems, and write tests and fuzzers. 

Manage a team which will review and develop secure operational practices, and provide security guidance for engineers and support staff.

Focus on the security strategy for Google Cloud.","Our Security team works to create and maintain the safest operating environment for Google's users and developers. Security Engineers work with network equipment and actively monitor our systems for attacks and intrusions. In this role, you will also work with software engineers to proactively identify and fix security flaws and vulnerabilities."
1712035634-10,https://www.google.com/about/careers/applications/jobs/results/92638394686808774-software-engineer-iii-engineering-productivity,"Staff Product Design Engineer, Tablets","Mountain View, CA, USA","Bachelor's degree in Mechanical Engineering, Product Design, or related field, or equivalent practical experience.

8 years of experience designing mechanical components such as plastic or metal parts, mechanical assemblies, printed circuit boards, or flexes.

8 years of experience using computer-aided design tools such as 3D MCAD, NX, Creo, or Solidworks.","Master's degree in Mechanical Engineering, Product Design, a related field, or equivalent practical experience.

12 years of experience with consumer product development, collaborating cross-functionally with industrial design, electrical engineering, and manufacturing operations teams.

Experience with machine shop tools, ability to in design with plastics and metals, and knowledge of structural finite element analysis (FEA).
Familiar with a range of manufacturing techniques, Design for Manufacturing review and electromechanical assemblies (e.g., LCD/OLED displays, batteries, sensors, FPC’s, PCB’s, antennas, buttons, etc.).

Proficiency with Unigraphics NX or Teamcenter with proficiency in 3D CAD modeling and 2D drawing creation.","Manage the subsystem or individual consumer electronics part designs from concept to production.

Work with global manufacturing suppliers and partners of subsystems, and drive individual part design from concept to production. Ability to travel to meet with suppliers and support system manufacturing during product development stages.

Create and publish detailed 3D CAD and 2D drawings for your design models, search out and select materials, components, and sub-systems for the products you launch.

Build and troubleshoot prototypes, analyze the results of the reliability testing, iterate to  improve the product design, and bring to production.

Design for function, reliability, human factors, manufacturability, and cosmetic requirements.",
1712035634-11,https://www.google.com/about/careers/applications/jobs/results/92638394686808774-software-engineer-iii-engineering-productivity,"AI/ML Carbon Reduction, Net Zero Lead","Mountain View, CA, USA","Bachelor's degree in Computer Science, Math, related technical field, or equivalent practical experience.

8 years of experience in program or project management.

5 years of experience in a leadership role.

Experience in compute infrastructure and platforms, including AI/ML specific products.","Experience in building and executing strategies for GHG emissions reductions across hardware and IT sectors.

Experience developing complex, data-driven insights and translating and presenting these into meaningful recommendations for multiple audiences, including the C-Suite level.

Advanced knowledge of GHG accounting and emissions reductions metrics and standards.

Ability to discern key inputs and retain and use data that drives decisions in a highly ambiguous environment, with excellent analytical skills.","Define, quantify, and articulate our GHG emission baseline and scenarios for AI/ML products. Develop carbon reduction plans and goals, track progress against such plans, and pro-actively propose mitigation or correction actions as needed.
Own and articulate the overarching Carbon Reduction and Net Zero roadmap for those products. Create partnerships with other Google teams and experts on roadmap workstreams and overarching Google Net Zero strategy.
Collaborate with relevant teams to identify new carbon reduction opportunities, quantify impact and effort, and align on prioritization. 
Develop a new OpEx/CapEx budget and cost approach for Net Zero and 24/7 Carbon-Free Energy to scale with our AI/ML growth, and enable teams to operate and execute more efficiently.","A problem isn’t truly solved until it’s solved for all. That’s why Googlers build products that help create opportunities for everyone, whether down the street or across the globe. As a Program Manager at Google, you’ll lead complex, multi-disciplinary projects from start to finish — working with stakeholders to plan requirements, manage project schedules, identify risks, and communicate clearly with cross-functional partners across the company. Your projects will often span offices, time zones, and hemispheres. It's your job to coordinate the players and keep them up to date on progress and deadlines.

Our goal is to build a Google that looks like the world around us — and we want Googlers to stay and grow when they join us. As part of our efforts to build a Google for everyone, we build diversity, equity, and inclusion into our work and we aim to cultivate a sense of belonging throughout the company."
1712035634-12,https://www.google.com/about/careers/applications/jobs/results/92638394686808774-software-engineer-iii-engineering-productivity,"Product Manager, Data Analytics","Hyderabad, Telangana, India","8 years of experience in a product management.
Experience building enterprise Software-as-a-Service (SaaS) products.

Experience shipping AI/ Gen AI based products or services.","Experience with data analytics/Business Intelligence (BI) platforms.

Ability to get the data you need, turn it into an insightful story, and know how to use this data to make decisions.
Ability to be technically proficient and collaborate with engineers in developing the technical architecture of the products you have built.
Ability to deliver products working across various functions and partners.","Build a deep understanding of our most demanding enterprise customers' requirements for data analytics and business intelligence.

Define the strategy and prioritize the product roadmap, working with engineering, sales, support, and other cross-functional teams.

Define, measure, and improve key metrics for the product that translate the success and growth of our enterprise customer base (e.g., satisfaction, adoption).

Execute the full lifecycle of shipping new features and other total product initiatives, from requirements through to optimizing for landing and achieving our success metrics.

Drive adoption and awareness, both through your individual activities and at scale by enabling our Field Sales and Marketing teams.","At Google, we put our users first. The world is always changing, so we need Product Managers who are continuously adapting and excited to work on products that affect millions of people every day. 

In this role, you will work cross-functionally to guide products from conception to launch by connecting the technical and business worlds. You can break down complex problems into steps that drive product development.

One of the many reasons Google consistently brings innovative, world-changing products to market is because of the collaborative work we do in Product Management. Our team works closely with creative engineers, designers, marketers, etc. to help design and develop technologies that improve access to the world's information.  We're responsible for guiding products throughout the execution cycle, focusing specifically on analyzing, positioning, packaging, promoting, and tailoring our solutions to our users."
1712035634-13,https://www.google.com/about/careers/applications/jobs/results/92638394686808774-software-engineer-iii-engineering-productivity,"Head of Private Platforms, Privacy Sandbox","Mountain View, CA, USA","Bachelor's degree or equivalent practical experience.
12 years of experience in a client-facing role with web or mobile infrastructure providers, integrators and service providers, sites or apps, online privacy, or trust and safety industries.

Experience with web and mobile platform technologies, product strategy and business models.

Experience as a people manager.","MBA or JD.

Experience working with product teams to launch technical partner integrations and manage collaborative partner relationships.

Experience escalating and presenting key issues and recommendations to executive leadership.

Ability to synthesize complex technical concepts for both technical and non-technical audiences.

Ability to thrive in fast-paced, collaborative, and ambiguous start-up like environments where thoughtfulness, an entrepreneurial mindset, persistent execution, and relationships drive success.

Ability to grasp complex technical and product concepts.","Lead a team of product specialists serving as manager and coach for Chrome and Android anti-covert tracking initiatives such as IP address privacy, as well as early-stage feedback and testing programs for new technologies to support privacy-forward web and mobile capabilities such as fraud detection, identity and payment flows.

Develop a deep understanding of how industry use cases are accomplished today, and how companies can incorporate the Privacy Sandbox technologies for a privacy-forward approach.

Join and lead external engagements to help companies build integration plans, addressing questions and capturing feedback.

Equip the global Partnerships team to support a larger set of stakeholders who are interested in using the Privacy Sandbox technologies or providing feedback.

Support major announcements and milestones in the Privacy Sandbox roadmap by coordinating with cross-functional teams and developing external resources.","The Privacy Sandbox partnerships team works with web and mobile ad tech companies, platforms, publishers, marketers, infrastructure providers, anti-fraud services and other integrators to accelerate participation in the Privacy Sandbox initiative, which aims to introduce new privacy-forward technologies and mitigate cross-site and cross-app user tracking."
1712035634-14,https://www.google.com/about/careers/applications/jobs/results/92638394686808774-software-engineer-iii-engineering-productivity,"Director, Data Center Network Delivery","Sunnyvale, CA, USA","Bachelor's degree in Electrical Engineering, Computer Engineering or Computer Science or equivalent practical experience.

15 years of engineering or operations leadership and management experience in the data center, networking, or telecom environments.

10 years of program management experience, including process optimization, program management and cross-functional influence at leadership level.","Master’s degree or MBA. 

Experience with supply chain and operations processes, particularly in identifying and driving on-going process improvement, and leveraging software support to increase efficiency.

Experience directing a distributed global program management team, with the ability to bring together a shared outlook for a team.

Ability to do technical analyses into design specifications of Google's network.","Manage internal customer and partner relationships through deep technical understanding of network and data center delivery.

Provide Project Management Organization (PMO) leadership for large, complex, cross-functional program teams, inspiring teams to challenge norms, create scaled solutions and increase the software maturity of all lines of business across the organization.

Optimize network delivery through partnerships with data center and network planning, design and engineering, construction, supply chain, operations, and supporting software teams.

Hire, build, and retain an engaged, inclusive team that transforms the data center network and capacity delivery space.","The Global Network Delivery team is responsible for deploying that network reliably and at scale. As a leader in this team, you will have a direct impact on the delivery, scalability and availability of this network infrastructure and associated tooling and operations to keep our systems running smoothly. You will be at the hub of multiple technical teams responsible for unparalleled network expansion. Google's complex network generates a constant stream of challenges which require you to continually be innovative with an evolving set of technologies. You will also ensure that network deployments are safe and efficient by monitoring performance, coordinating complex projects, and responding to capacity scaling issues. Keeping the network growing ensures that Google can meet our customers’ growing needs, including for innovative new technologies like Gemini."
1712035634-15,https://www.google.com/about/careers/applications/jobs/results/92638394686808774-software-engineer-iii-engineering-productivity,"Go-To-Market Scale Lead, Data Analytics","London, UK","Bachelor's degree in Computer Science, a related technical field, or equivalent practical experience.

Candidates will typically have 10 years of experience with Cloud technologies.","Typically 10 years of experience in Go-To-Market (GTM) strategy planning and execution, business development or technical solutions within the security and cloud domains.

Typically 3 years of experience in eCommerce with marketing automation platforms and CRM systems.

Experience with data analytics, machine learning, and AI.

Experience with business development in the technology sector.","Develop and execute comprehensive stakeholder management plans, create strong relationships with internal and external stakeholders.
Conduct regular interlocks with Field teams, supporting teams, product engineering, and partners to ensure alignment.
Establish a consistent business rhythm through top-down and bottom-up engagement with the Field teams.
Act as a regional spokesperson and point of contact for stakeholders.
Monitor the business pipelines, identify top opportunities, communicate activities, and report results.","The Google Cloud Platform team helps customers transform and build what's next for their business — all with technology built in the cloud. Our products are engineered for security, reliability and scalability, running the full stack from infrastructure to applications to devices and hardware. Our teams are dedicated to helping our customers — developers, small and large businesses, educational institutions and government agencies — see the benefits of our technology come to life. As part of an entrepreneurial team in this rapidly growing business, you will play a key role in understanding the needs of our customers and help shape the future of businesses of all sizes use technology to connect with customers, employees and partners."
1712035634-16,https://www.google.com/about/careers/applications/jobs/results/92638394686808774-software-engineer-iii-engineering-productivity,"Senior Hardware Engineer, IC Design, Quantum AI","Goleta, CA, USA","Bachelor's degree in Physics, Computer Science, Electrical Engineering, a related field, or equivalent practical experience.
Experience with Python or other programming languages.

Experience with Electromagnetic simulations and Finite Element Simulation tools (e.g., Sonnet, HFSS, Comsol).","Master's degree or PhD in Physics, Computer Science, or Electrical Engineering.
Experience with programmatic CAD layout and verification tools.

Knowledge of LvL, LvS,  K-Layout or equivalent CAD viewer.

Familiarity with IC fabrication techniques and processes.

Familiarity with Superconducting circuit architectures and quantum computing.","Support Quantum processor design projects including device layout and simulations.

Work on programmatic layout and simulation infrastructures to speed up and simplify layout workflow from initial layout to final tapeout.

Work closely with other teams to maintain and improve layout integration tools into device probing, packaging and measurement.

Work with foundries to support custom process design kits (PDKs) and design rule check.","Our computational challenges are so big, complex and unique we can't just purchase off-the-shelf hardware, we've got to make it ourselves. Your team designs and builds the hardware, software and networking technologies that power all of Google's services. As a Hardware Engineer, you design and build the systems that are the heart of the world's largest and most powerful computing infrastructure. You develop from the lowest levels of circuit design to large system design and see those systems all the way through to high volume manufacturing. Your work has the potential to shape the machinery that goes into our cutting-edge data centers affecting millions of Google users."
1712035634-17,https://www.google.com/about/careers/applications/jobs/results/92638394686808774-software-engineer-iii-engineering-productivity,"System Coexistence Validation Engineer, Pixel","New Taipei, Banqiao District, New Taipei City, Taiwan","Bachelor's degree in Electrical Engineering or equivalent practical experience.

3 years of experience with consumer product hardware testing, system debugging/troubleshooting, or system validation.

2 years of experience in developing test scripts in Python.

Experience with system coexistence related testing.","Master's degree in Electrical Engineering, a related technical field, or equivalent practical experience.

Experience with programming and scripting languages (e.g., Python, C/C++, and Java).

Experience with Linux and Android platforms.
Experience building relationships that promote collaboration among cross-functional teams and CM/JDM.

Knowledge of consumer electronics or mobile devices.","Own and drive the system coexistence Engineering Requirements Specification (ERS) through collaboration with cross-functional teams.

Own and drive the system coexistence testing plan and methodology that cover all aspects of the Pixel product subsystems.

Own and execute the System Coexistence validation that covers across technology development, New Technology Introduction, and New Product Introduction.

Analyze test data and identify potential System Coexistence issues.

Develop new test infrastructure and instruments for factory testing, lab validation, software, and code Python scripts for internal tools and test stations.","Our computational challenges are so big, complex and unique we can't just purchase off-the-shelf hardware, we've got to make it ourselves. Your team designs and builds the hardware, software and networking technologies that power all of Google's services. As a Hardware Engineer, you design and build the systems that are the heart of the world's largest and most powerful computing infrastructure. You develop from the lowest levels of circuit design to large system design and see those systems all the way through to high volume manufacturing. Your work has the potential to shape the machinery that goes into our cutting-edge data centers affecting millions of Google users. 

With your technical expertise, you lead projects in multiple areas of expertise (i.e., engineering domains or systems) within a data center facility, including construction and equipment installation/troubleshooting/debugging with vendors."
1712035634-18,https://www.google.com/about/careers/applications/jobs/results/92638394686808774-software-engineer-iii-engineering-productivity,"Enterprise Field Sales Representative, Retail","Chicago, IL, USA","Bachelor's degree or equivalent practical experience. 

13 years of experience in sales in the technology industry with SaaS, PaaS or IaaS products and platforms.

Experience engaging with accounts, promotine a portfolio of products at executive-level.","Experience with large, complex commercial and legal discussions working with Procurement, Legal, and Business teams.

Experience promoting Google Cloud computing technologies to large and complex organizations across geographies. 

Ability to collaborate effectively across organizational boundaries, build relationships, and import and export talent and ideas to achieve a broader organizational goal. 

Ability to influence decisions at the executive-level.

Ability to present analyses and break down technical concepts into simple terms to present to diverse, technical, and non-technical audiences.","Build and strengthen executive relationships with enterprise customers, and bring to Google your mature Chief Experience Officer relationships to help us grow into new organizations. Influence long-term strategic direction, and serve as a business partner.
Discuss and manage entire complex business cycles, often presenting to C-level executives in corporate and global customers.
Lead account strategy in generating and developing business growth opportunities, work collaboratively with Customer Engineers and Google partners, all to increase business results in territory and open up opportunities with large enterprise customers.
Understand each customer's technology footprint, strategic growth plans and business drivers, technology strategy, and competitive landscape.
Drive business development, forecast accurately, and achieve strategic goals by leading customers through the entire business cycle.","The Google Cloud Platform team helps customers transform and build what's next for their business — all with technology built in the cloud. Our products are engineered for security, reliability and scalability, running the full stack from infrastructure to applications to devices and hardware. Our teams are dedicated to helping our customers — developers, small and large businesses, educational institutions and government agencies — see the benefits of our technology come to life. As part of an entrepreneurial team in this rapidly growing business, you will play a key role in understanding the needs of our customers and help shape the future of businesses of all sizes use technology to connect with customers, employees and partners."
1712035634-19,https://www.google.com/about/careers/applications/jobs/results/92638394686808774-software-engineer-iii-engineering-productivity,Silicon Product Development Engineer,"Tel Aviv, Israel","Bachelor's degree in Electrical Engineering, Computer Engineering, Computer Science, a related field, or equivalent practical experience.

Candidates will typically have 5 years of experience with industry-standard tools, languages and methodologies relevant to the development of silicon-based ICs and chips.

Experience in developing or integrating ATE hardware/software test methods for functional IP’s like DDR, PCIe, or Telemetry.

Experience in pre-silicon verification, test content generation/integration, and post-silicon enabling.

Experience in Python, Java, or C/C++.","Master's degree or PhD in Electrical Engineering, Computer Engineering, Computer Science, or a related field.

Experience with CPU/GPU SoC architecture, design, validation, and debug.

Experience in hardware description languages and RTL debug.

Familiarity with Synopsys, Cadence, or Mentor verification platforms.

Ability to venture into and improve, all aspects of post-silicon testing from definition to realization.","Collaborate with Design, Architecture, Process Technology, and Silicon Engineering teams to develop new product bring-up, verification, characterization, qualification strategies, and manufacturing test solutions for new High Performance Computing (HPC) products in advanced manufacturing technologies.

Verify test solutions on pre-silicon models (i.e., simulation or emulation).

Develop and validate test programs on Automated Test Equipment (ATE) platforms in preparation for High Volume Manufacturing, working with ATE Vendor and internal cross-functional teams.

Support product sustain, including volume data analytics, test time, and yield improvements. Assess test escapees and Return Merchandise Authorization (RMA), localize failures, implement containment measures in the manufacturing test flow, and partner with manufacturing, quality and reliability teams to implement root cause corrective actions.","Our computational challenges are so big, complex and unique we can't just purchase off-the-shelf hardware, we've got to make it ourselves. Your team designs and builds the hardware, software and networking technologies that power all of Google's services. As a Hardware Engineer, you design and build the systems that are the heart of the world's largest and most powerful computing infrastructure. You develop from the lowest levels of circuit design to large system design and see those systems all the way through to high volume manufacturing. Your work has the potential to shape the machinery that goes into our cutting-edge data centers affecting millions of Google users."
1712035634-20,https://www.google.com/about/careers/applications/jobs/results/92638394686808774-software-engineer-iii-engineering-productivity,"Solution Design Manager, Workforce Solutions","London, UK","Bachelor's degree or equivalent practical experience.
Candidates will typically have 5 years of experience in program or project management

Typically 5 years of experience managing cross-functional or cross-team projects.

Experience working as a subject matter expert in the areas of extended workforce, contract/vendor management, cost management, operating model design, and associated practices across the extended workforce/contingent labor landscape.","Experience developing business strategies or managing cross-functional initiatives.

Excellent leadership skills, with the ability to drive impact in a fast-paced environment.

Passion for helping advocate for Google's customers and improving the overall customer experience.

Track record of thought leadership in strategic projects that have had a tangible impact on business operations across international markets.","Serve as a thought partner and trusted advisor to the extended workforce solutions organization’s executive leadership, helping to land, rethink, and shape the future of extended workforce solutions.

Help design solutions that enable our partners/product areas to succeed in their business objectives by optimizing operational costs, identify efficiencies, and help to proactively mitigate risk and compliance across Alphabet.

Work with cross-functional stakeholders and leaders to gather data and conduct business analyses with effective project communication and management.

Identify and engage product area stakeholders proactively on extended workforce solutions and gain their buy-in to utilize the services being designed.","A problem isn’t truly solved until it’s solved for all. That’s why Googlers build products that help create opportunities for everyone, whether down the street or across the globe. As a Program Manager at Google, you’ll lead complex, multi-disciplinary projects from start to finish — working with stakeholders to plan requirements, manage project schedules, identify risks, and communicate clearly with cross-functional partners across the company. Your projects will often span offices, time zones, and hemispheres. It's your job to coordinate the players and keep them up to date on progress and deadlines.

Our goal is to build a Google that looks like the world around us — and we want Googlers to stay and grow when they join us. As part of our efforts to build a Google for everyone, we build diversity, equity, and inclusion into our work and we aim to cultivate a sense of belonging throughout the company."
1712035634-21,https://www.google.com/about/careers/applications/jobs/results/92638394686808774-software-engineer-iii-engineering-productivity,"CPU Design Manager, Google Cloud","Bangalore, Karnataka, India","Bachelor’s degree in Electrical Engineering, Computer Science, or equivalent practical experience.

20 years of experience in logic/RTL design.

Experience with modern processor microarchitecture and related technologies/algorithms, microarchitecture definition and RTL design.

Experience with modern high-frequency CPU design implementation results, front-end design, low power Implementations, power analysis tools for CPU, and ARM Instruction Set Architecture.","Master’s degree or PhD in Electrical Engineering or Computer Science.

Experience leading a team for part of a processor front-end design, for ARM based modern processors.","Lead a team of engineers in the Bangalore Core IP design organization working on IP Design and Integration.

Develop CPU front-end designs, emphasizing on microarchitecture and RTL design for the next generation CPU.

Propose performance enhancing microarchitecture features, and work with Architects and Performance teams for trade-off studies. Communicate the pros and cons of microarchitecture enhancements.

Deliver designs meeting PPA goals with production quality. Become familiar with modern techniques, interpret the techniques into design constructs, and languages in order to provide guidance to and participate in the performance modeling effort.

Work with the Functional Verification team to ensure production of quality designs, and the physical design team to meet frequency, power, and area goals.","Our computational challenges are so big, complex and unique we can't just purchase off-the-shelf hardware, we've got to make it ourselves. Your team designs and builds the hardware, software and networking technologies that power all of Google's services. As a Hardware Engineer, you design and build the systems that are the heart of the world's largest and most powerful computing infrastructure. You develop from the lowest levels of circuit design to large system design and see those systems all the way through to high volume manufacturing. Your work has the potential to shape the machinery that goes into our cutting-edge data centers affecting millions of Google users."
